graph_name;graph_type;algorithm;max_flow;avg_runtime;avg_iterations;avg_bound;avg_r;avg_m;avg_n;avg_cFrac;avg_rBar;avg_time_per_mI;avg_time_per_nI;avg_time_over_nm;avg_time_over_I_sntm;avg_s_bar;avg_t_bar_forward;avg_t_bar_residual;avg_insert_norm;avg_delete_norm;avg_update_norm_m;avg_update_norm_theoretical
1graph_2500_25_1000.dimacs;matching;bfs;2500000;185.597724600;2500;337635000;0.000007404;67500;5002;0.056066667;0.000403379;0.000000550;0.000014842;0.000000275;0.000001912;0.268904198;0.508168338;0.277604406;-1;-1;-1;-1
1graph_2500_25_1000.dimacs;matching;dfs;2500000;50.416573600;2500;2500000;0.001000000;67500;5002;0;0;0.000000149;0.000004032;0.000000075;0.000007141;0.275087997;0.021256725;0.010726097;-1;-1;-1;-1
1graph_2500_25_1000.dimacs;matching;fat;2500000;72.176051000;2500;2869222.049668558;0.000871316;67500;5002;0;0;0.000000214;0.000005772;0.000000107;0.000006623;0.013972971;0.050945541;0.031772913;0.521775290;0.013972971;0;0
1graph_2500_25_1000.dimacs;matching;scaling;2500000;81.608148800;2500;2869222.049668558;0.000871316;67500;5002;0;0;0.000000242;0.000006526;0.000000121;0.000004390;0.575195922;0.063806116;0.033773683;-1;-1;-1;-1
2graph_2665_25_1000.dimacs;matching;bfs;2665000;211.410553000;2665;383664060;0.000006946;71955;5332;0.056097561;0.000378625;0.000000551;0.000014878;0.000000276;0.000001910;0.269882785;0.509001876;0.278607108;-1;-1;-1;-1
2graph_2665_25_1000.dimacs;matching;dfs;2665000;56.163262600;2665;2665000;0.001000000;71955;5332;0;0;0.000000146;0.000003952;0.000000073;0.000007055;0.273985790;0.021032135;0.010605456;-1;-1;-1;-1
2graph_2665_25_1000.dimacs;matching;fat;2665000;85.528781000;2665;3071860.277363235;0.000867552;71955;5332;0;0;0.000000223;0.000006019;0.000000111;0.000006546;0.015671953;0.052596339;0.033488097;0.533203047;0.015671953;0;0
2graph_2665_25_1000.dimacs;matching;scaling;2665000;91.473849800;2665;3071860.277363235;0.000867552;71955;5332;0;0;0.000000239;0.000006437;0.000000119;0.000004397;0.574345275;0.062303183;0.032960607;-1;-1;-1;-1
3graph_2830_25_1000.dimacs;matching;bfs;2830000;243.308029400;2830;432633420;0.000006541;76410;5662;0.056059416;0.000356324;0.000000563;0.000015184;0.000000281;0.000001968;0.267111286;0.507743649;0.275921149;-1;-1;-1;-1
3graph_2830_25_1000.dimacs;matching;dfs;2830000;66.045026400;2830;2830000;0.001000000;76410;5662;0;0;0.000000153;0.000004122;0.000000076;0.000007393;0.272780036;0.020925773;0.010548738;-1;-1;-1;-1
3graph_2830_25_1000.dimacs;matching;fat;2830000;99.694869400;2830;3275294.878512315;0.000864044;76410;5662;0;0;0.000000231;0.000006222;0.000000115;0.000006612;0.016602157;0.053515205;0.034249300;0.539617286;0.016602157;0;0
3graph_2830_25_1000.dimacs;matching;scaling;2830000;107.168041400;2830;3275294.878512315;0.000864044;76410;5662;0;0;0.000000248;0.000006688;0.000000124;0.000004613;0.570961827;0.061561055;0.032559516;-1;-1;-1;-1
4graph_2995_25_1000.dimacs;matching;bfs;2995000;283.698150600;2995;484543080;0.000006181;80865;5992;0.056112039;0.000337015;0.000000586;0.000015808;0.000000293;0.000002024;0.270593958;0.509329292;0.279330292;-1;-1;-1;-1
4graph_2995_25_1000.dimacs;matching;dfs;2995000;71.792012800;2995;2995000;0.001000000;80865;5992;0;0;0.000000148;0.000004000;0.000000074;0.000007229;0.271249925;0.020748521;0.010453523;-1;-1;-1;-1
4graph_2995_25_1000.dimacs;matching;fat;2995000;113.481595000;2995;3479479.367084263;0.000860761;80865;5992;0;0;0.000000234;0.000006323;0.000000117;0.000006377;0.018245585;0.055054733;0.036064661;0.549167504;0.018245585;0;0
4graph_2995_25_1000.dimacs;matching;scaling;2995000;117.212703800;2995;3479479.367084263;0.000860761;80865;5992;0;0;0.000000242;0.000006531;0.000000121;0.000004500;0.571442948;0.061649426;0.032608179;-1;-1;-1;-1
5graph_3160_25_1000.dimacs;matching;bfs;3160000;308.954254800;3160;539393040;0.000005858;85320;6322;0.056088842;0.000319297;0.000000573;0.000015465;0.000000286;0.000001979;0.270563263;0.508592577;0.279461684;-1;-1;-1;-1
5graph_3160_25_1000.dimacs;matching;dfs;3160000;77.922722200;3160;3160000;0.001000000;85320;6322;0;0;0.000000145;0.000003901;0.000000072;0.000007064;0.270756490;0.020698116;0.010426933;-1;-1;-1;-1
5graph_3160_25_1000.dimacs;matching;fat;3160000;126.971365600;3160;3684372.387315259;0.000857677;85320;6322;0;0;0.000000235;0.000006356;0.000000118;0.000006306;0.018907252;0.055686559;0.036638793;0.553580124;0.018907252;0;0
5graph_3160_25_1000.dimacs;matching;scaling;3160000;128.897832800;3160;3684372.387315259;0.000857677;85320;6322;0;0;0.000000239;0.000006452;0.000000119;0.000004486;0.567776230;0.060998460;0.032256286;-1;-1;-1;-1
6graph_3325_25_1000.dimacs;matching;bfs;3325000;343.557478800;3325;597183300;0.000005568;89775;6652;0.056101365;0.000303527;0.000000575;0.000015533;0.000000288;0.000002002;0.268576402;0.508842663;0.277434971;-1;-1;-1;-1
6graph_3325_25_1000.dimacs;matching;dfs;3325000;86.111035800;3325;3325000;0.001000000;89775;6652;0;0;0.000000144;0.000003893;0.000000072;0.000007050;0.270102939;0.020743353;0.010452079;-1;-1;-1;-1
6graph_3325_25_1000.dimacs;matching;fat;3325000;136.763875200;3325;3889936.908479369;0.000854770;89775;6652;0;0;0.000000229;0.000006183;0.000000115;0.000006047;0.019268511;0.056017933;0.037172663;0.557075853;0.019268511;0;0
6graph_3325_25_1000.dimacs;matching;scaling;3325000;144.482478000;3325;3889936.908479369;0.000854770;89775;6652;0;0;0.000000242;0.000006532;0.000000121;0.000004526;0.569290710;0.061235786;0.032385480;-1;-1;-1;-1
7graph_3490_25_1000.dimacs;matching;bfs;3490000;381.684494800;3490;657913860;0.000005305;94230;6982;0.056086172;0.000289107;0.000000580;0.000015664;0.000000290;0.000002017;0.268908343;0.508446455;0.277727736;-1;-1;-1;-1
7graph_3490_25_1000.dimacs;matching;dfs;3490000;93.791481600;3490;3490000;0.001000000;94230;6982;0;0;0.000000143;0.000003849;0.000000071;0.000007036;0.268960167;0.020465267;0.010302030;-1;-1;-1;-1
7graph_3490_25_1000.dimacs;matching;fat;3490000;152.351429200;3490;4096139.579861360;0.000852022;94230;6982;0;0;0.000000232;0.000006252;0.000000116;0.000006137;0.019280360;0.056014623;0.037031694;0.558601447;0.019280360;0;0
7graph_3490_25_1000.dimacs;matching;scaling;3490000;157.953134200;3490;4096139.579861360;0.000852022;94230;6982;0;0;0.000000240;0.000006482;0.000000120;0.000004534;0.567501861;0.060412613;0.031940176;-1;-1;-1;-1
8graph_3655_25_1000.dimacs;matching;bfs;3655000;412.089728000;3655;721584720;0.000005065;98685;7312;0.056047018;0.000275872;0.000000571;0.000015419;0.000000286;0.000001993;0.267767955;0.507512703;0.276717856;-1;-1;-1;-1
8graph_3655_25_1000.dimacs;matching;dfs;3655000;102.510072600;3655;3655000;0.001000000;98685;7312;0;0;0.000000142;0.000003836;0.000000071;0.000007021;0.268181345;0.020466986;0.010303490;-1;-1;-1;-1
8graph_3655_25_1000.dimacs;matching;fat;3655000;164.965384800;3655;4302950.207964807;0.000849417;98685;7312;0;0;0.000000229;0.000006173;0.000000114;0.000006220;0.018191523;0.054944179;0.036091301;0.551360880;0.018191523;0;0
8graph_3655_25_1000.dimacs;matching;scaling;3655000;180.426780000;3655;4302950.207964807;0.000849417;98685;7312;0;0;0.000000250;0.000006751;0.000000125;0.000004743;0.563757682;0.060229529;0.031841534;-1;-1;-1;-1
9graph_3820_25_1000.dimacs;matching;bfs;3820000;482.429320000;3820;788195880;0.000004847;103140;7642;0.056045181;0.000263953;0.000000612;0.000016526;0.000000306;0.000002136;0.267809611;0.507549501;0.276724843;-1;-1;-1;-1
9graph_3820_25_1000.dimacs;matching;dfs;3820000;118.938229000;3820;3820000;0.001000000;103140;7642;0;0;0.000000151;0.000004074;0.000000075;0.000007479;0.267906787;0.020379671;0.010256678;-1;-1;-1;-1
9graph_3820_25_1000.dimacs;matching;fat;3820000;181.217226200;3820;4510341.328300674;0.000846943;103140;7642;0;0;0.000000230;0.000006208;0.000000115;0.000006379;0.017533992;0.054153232;0.035403785;0.545397713;0.017533992;0;0
9graph_3820_25_1000.dimacs;matching;scaling;3820000;198.951894200;3820;4510341.328300674;0.000846943;103140;7642;0;0;0.000000252;0.000006815;0.000000126;0.000004783;0.564386464;0.060302151;0.031881355;-1;-1;-1;-1
10graph_3985_25_1000.dimacs;matching;bfs;3985000;505.748431000;3985;857747340;0.000004646;107595;7972;0.056057438;0.000253083;0.000000590;0.000015920;0.000000295;0.000002056;0.268110375;0.507913622;0.276980053;-1;-1;-1;-1
10graph_3985_25_1000.dimacs;matching;dfs;3985000;122.135121600;3985;3985000;0.001000000;107595;7972;0;0;0.000000142;0.000003845;0.000000071;0.000007070;0.267350885;0.020348568;0.010240274;-1;-1;-1;-1
10graph_3985_25_1000.dimacs;matching;fat;3985000;192.609364600;3985;4718287.851286856;0.000844586;107595;7972;0;0;0.000000225;0.000006063;0.000000112;0.000006480;0.016127053;0.052946918;0.034064859;0.537219635;0.016127053;0;0
10graph_3985_25_1000.dimacs;matching;scaling;3985000;206.756597200;3985;4718287.851286856;0.000844586;107595;7972;0;0;0.000000241;0.000006508;0.000000121;0.000004596;0.563149820;0.059770781;0.031593972;-1;-1;-1;-1
11graph_4150_25_1000.dimacs;matching;bfs;4150000;550.169323400;4150;930239100;0.000004461;112050;8302;0.056073182;0.000243091;0.000000592;0.000015969;0.000000296;0.000002066;0.267683531;0.508152193;0.276475117;-1;-1;-1;-1
11graph_4150_25_1000.dimacs;matching;dfs;4150000;138.621408400;4150;4150000;0.001000000;112050;8302;0;0;0.000000149;0.000004023;0.000000075;0.000007408;0.266684567;0.020347686;0.010240204;-1;-1;-1;-1
11graph_4150_25_1000.dimacs;matching;fat;4150000;204.128775200;4150;4926766.766886136;0.000842337;112050;8302;0;0;0.000000219;0.000005925;0.000000110;0.000006654;0.014456612;0.051287203;0.032449386;0.523069082;0.014456612;0;0
11graph_4150_25_1000.dimacs;matching;scaling;4150000;222.676603600;4150;4926766.766886136;0.000842337;112050;8302;0;0;0.000000239;0.000006463;0.000000120;0.000004580;0.562965434;0.059457538;0.031424707;-1;-1;-1;-1
12graph_4315_25_1000.dimacs;matching;bfs;4315000;594.676122600;4315;1.00567116e+09;0.000004291;116505;8632;0.056057680;0.000233736;0.000000591;0.000015966;0.000000296;0.000002069;0.267059888;0.507709551;0.275935930;-1;-1;-1;-1
12graph_4315_25_1000.dimacs;matching;dfs;4315000;142.982703600;4315;4315000;0.001000000;116505;8632;0;0;0.000000142;0.000003839;0.000000071;0.000007093;0.266244543;0.020249407;0.010187346;-1;-1;-1;-1
12graph_4315_25_1000.dimacs;matching;fat;4315000;207.022530200;4315;5135756.896285006;0.000840188;116505;8632;0;0;0.000000206;0.000005558;0.000000103;0.000006522;0.013005637;0.049879518;0.031086406;0.510322339;0.013005637;0;0
12graph_4315_25_1000.dimacs;matching;scaling;4315000;248.855378200;4315;5135756.896285006;0.000840188;116505;8632;0;0;0.000000248;0.000006681;0.000000124;0.000004723;0.561706502;0.059774442;0.031596740;-1;-1;-1;-1
13graph_4480_25_1000.dimacs;matching;bfs;4480000;667.135584600;4480;1.08404352e+09;0.000004133;120960;8962;0.056076389;0.000225204;0.000000616;0.000016616;-0.000000314;0.000002153;0.267134797;0.508196124;0.276023773;-1;-1;-1;-1
13graph_4480_25_1000.dimacs;matching;dfs;4480000;165.751494400;4480;4480000;0.001000000;120960;8962;0;0;0.000000153;0.000004128;-0.000000078;0.000007668;0.265408496;0.020108711;0.010111485;-1;-1;-1;-1
13graph_4480_25_1000.dimacs;matching;fat;4480000;232.006470200;4480;5345238.681604779;0.000838129;120960;8962;0;0;0.000000214;0.000005779;-0.000000109;0.000007113;0.011680717;0.048625996;0.029662477;0.499569562;0.011680717;0;0
13graph_4480_25_1000.dimacs;matching;scaling;4480000;266.757438600;4480;5345238.681604779;0.000838129;120960;8962;0;0;0.000000246;0.000006644;-0.000000125;0.000004731;0.559998217;0.059198377;0.031285054;-1;-1;-1;-1
14graph_4645_25_1000.dimacs;matching;bfs;4645000;721.072198800;4645;1.16535618e+09;0.000003986;125415;9292;0.056077822;0.000217213;0.000000619;0.000016706;-0.000000367;0.000002158;0.267954957;0.508296294;0.276865763;-1;-1;-1;-1
14graph_4645_25_1000.dimacs;matching;dfs;4645000;178.785184600;4645;4645000;0.001000000;125415;9292;0;0;0.000000153;0.000004142;-0.000000091;0.000007678;0.265491776;0.020179533;0.010150171;-1;-1;-1;-1
14graph_4645_25_1000.dimacs;matching;fat;4645000;257.045091200;4645;5555194.006630749;0.000836154;125415;9292;0;0;0.000000221;0.000005955;-0.000000131;0.000007549;0.010723717;0.047671941;0.028828770;0.491631492;0.010723717;0;0
14graph_4645_25_1000.dimacs;matching;scaling;4645000;293.284270800;4645;5555194.006630749;0.000836154;125415;9292;0;0;0.000000252;0.000006795;-0.000000149;0.000004874;0.559033339;0.058558016;0.030938516;-1;-1;-1;-1
15graph_4810_25_1000.dimacs;matching;bfs;4810000;759.993317000;4810;1.24960914e+09;0.000003849;129870;9622;0.056040656;0.000209628;0.000000608;0.000016421;-0.000000423;0.000002132;0.266519856;0.507330321;0.275399287;-1;-1;-1;-1
15graph_4810_25_1000.dimacs;matching;dfs;4810000;172.691325800;4810;4810000;0.001000000;129870;9622;0;0;0.000000138;0.000003731;-0.000000096;0.000006940;0.264921794;0.020093164;0.010103690;-1;-1;-1;-1
15graph_4810_25_1000.dimacs;matching;fat;4810000;255.687025000;4810;5765606.043042605;0.000834257;129870;9622;0;0;0.000000205;0.000005525;-0.000000142;0.000006974;0.010890885;0.047825420;0.028940564;0.492579808;0.010890885;0;0
15graph_4810_25_1000.dimacs;matching;scaling;4810000;306.165437000;4810;5765606.043042605;0.000834257;129870;9622;0;0;0.000000245;0.000006615;-0.000000170;0.000004747;0.556967898;0.058664343;0.030996412;-1;-1;-1;-1
16graph_4975_25_1000.dimacs;matching;bfs;4975000;813.234307000;4975;1.3368024e+09;0.000003722;134325;9952;0.056076680;0.000202806;0.000000608;0.000016425;-0.000000502;0.000002121;0.267959250;0.508264263;0.276914898;-1;-1;-1;-1
16graph_4975_25_1000.dimacs;matching;dfs;4975000;181.886147800;4975;4975000;0.001000000;134325;9952;0;0;0.000000136;0.000003674;-0.000000112;0.000006855;0.264499297;0.020000624;0.010053847;-1;-1;-1;-1
16graph_4975_25_1000.dimacs;matching;fat;4975000;256.633288600;4975;5976459.117766501;0.000832433;134325;9952;0;0;0.000000192;0.000005183;-0.000000158;0.000006593;0.010732420;0.047666337;0.028727634;0.490580313;0.010732420;0;0
16graph_4975_25_1000.dimacs;matching;scaling;4975000;310.468546800;4975;5976459.117766501;0.000832433;134325;9952;0;0;0.000000232;0.000006271;-0.000000191;0.000004523;0.556943479;0.058170589;0.030729244;-1;-1;-1;-1
17graph_5140_25_1000.dimacs;matching;bfs;5140000;850.351381800;5140;1.42693596e+09;0.000003602;138780;10282;0.056074362;0.000196289;0.000000596;0.000016090;-0.000000590;0.000002097;0.265443350;0.508011525;0.274393535;-1;-1;-1;-1
17graph_5140_25_1000.dimacs;matching;dfs;5140000;194.221126200;5140;5140000;0.001000000;138780;10282;0;0;0.000000136;0.000003675;-0.000000135;0.000006864;0.264154489;0.019988882;0.010047750;-1;-1;-1;-1
17graph_5140_25_1000.dimacs;matching;fat;5140000;276.090638200;5140;6187738.597941998;0.000830675;138780;10282;0;0;0.000000194;0.000005224;-0.000000192;0.000006499;0.011226071;0.048151417;0.029359220;0.494868445;0.011226071;0;0
17graph_5140_25_1000.dimacs;matching;scaling;5140000;328.972912400;5140;6187738.597941998;0.000830675;138780;10282;0;0;0.000000231;0.000006225;-0.000000228;0.000004499;0.557167015;0.057958511;0.030614632;-1;-1;-1;-1
18graph_5305_25_1000.dimacs;matching;bfs;5305000;925.829876400;5305;1.52000982e+09;0.000003490;143235;10612;0.056079171;0.000190202;0.000000609;0.000016446;-0.000000738;0.000002124;0.267954547;0.508309833;0.276835850;-1;-1;-1;-1
18graph_5305_25_1000.dimacs;matching;dfs;5305000;205.785262400;5305;5305000;0.001000000;143235;10612;0;0;0.000000135;0.000003655;-0.000000164;0.000006843;0.263699939;0.019936684;0.010019724;-1;-1;-1;-1
18graph_5305_25_1000.dimacs;matching;fat;5305000;302.880663800;5305;6399430.790673383;0.000828980;143235;10612;0;0;0.000000199;0.000005380;-0.000000241;0.000006548;0.011860721;0.048765178;0.029998447;0.499561608;0.011860721;0;0
18graph_5305_25_1000.dimacs;matching;scaling;5305000;350.987397800;5305;6399430.790673383;0.000828980;143235;10612;0;0;0.000000231;0.000006235;-0.000000280;0.000004521;0.555843029;0.057734159;0.030493356;-1;-1;-1;-1
19graph_5470_25_1000.dimacs;matching;bfs;5470000;997.631442400;5470;1.61602398e+09;0.000003385;147690;10942;0.056083689;0.000184481;0.000000617;0.000016668;-0.000000939;0.000002158;0.267280328;0.508340210;0.276155871;-1;-1;-1;-1
19graph_5470_25_1000.dimacs;matching;dfs;5470000;210.914361800;5470;5470000;0.001000000;147690;10942;0;0;0.000000131;0.000003524;-0.000000198;0.000006621;0.263271536;0.019832341;0.009963437;-1;-1;-1;-1
19graph_5470_25_1000.dimacs;matching;fat;5470000;329.893104000;5470;6611522.855263781;0.000827343;147690;10942;0;0;0.000000204;0.000005512;-0.000000310;0.000006536;0.012703378;0.049566805;0.030769649;0.505548551;0.012703378;0;0
19graph_5470_25_1000.dimacs;matching;scaling;5470000;374.869136600;5470;6611522.855263781;0.000827343;147690;10942;0;0;0.000000232;0.000006263;-0.000000353;0.000004529;0.554974843;0.058057073;0.030668500;-1;-1;-1;-1
20graph_5635_25_1000.dimacs;matching;bfs;5635000;1051.058305000;5635;1.71497844e+09;0.000003286;152145;11272;0.056071511;0.000179043;0.000000613;0.000016547;-0.000001215;0.000002126;0.269438261;0.508299757;0.278377132;-1;-1;-1;-1
20graph_5635_25_1000.dimacs;matching;dfs;5635000;237.718885600;5635;5635000;0.001000000;152145;11272;0;0;0.000000139;0.000003743;-0.000000275;0.000007016;0.263127562;0.019922484;0.010012483;-1;-1;-1;-1
20graph_5635_25_1000.dimacs;matching;fat;5635000;332.233358200;5635;6824002.726047507;0.000825762;152145;11272;0;0;0.000000194;0.000005231;-0.000000384;0.000006176;0.012868472;0.049710262;0.030895807;0.506290197;0.012868472;0;0
20graph_5635_25_1000.dimacs;matching;scaling;5635000;389.865906600;5635;6824002.726047507;0.000825762;152145;11272;0;0;0.000000227;0.000006138;-0.000000451;0.000004461;0.554393829;0.057616783;0.030430228;-1;-1;-1;-1
21graph_5800_25_1000.dimacs;matching;bfs;5800000;1117.117181200;5800;1.8168732e+09;0.000003192;156600;11602;0.056098340;0.000174032;0.000000615;0.000016601;-0.000001689;0.000002130;0.269850799;0.508753798;0.278768929;-1;-1;-1;-1
21graph_5800_25_1000.dimacs;matching;dfs;5800000;255.247467800;5800;5800000;0.001000000;156600;11602;0;0;0.000000141;0.000003793;-0.000000386;0.000007139;0.262772706;0.019808876;0.009951152;-1;-1;-1;-1
21graph_5800_25_1000.dimacs;matching;fat;5800000;363.174374200;5800;7036859.044267565;0.000824231;156600;11602;0;0;0.000000200;0.000005397;-0.000000549;0.000006236;0.013601103;0.050414383;0.031553526;0.511604064;0.013601103;0;0
21graph_5800_25_1000.dimacs;matching;scaling;5800000;435.619526800;5800;7036859.044267565;0.000824231;156600;11602;0;0;0.000000240;0.000006474;-0.000000659;0.000004725;0.552100975;0.057373616;0.030298720;-1;-1;-1;-1
22graph_5965_25_1000.dimacs;matching;bfs;5965000;1192.613798600;5965;1.92170826e+09;0.000003104;161055;11932;0.056086430;0.000169184;0.000000621;0.000016756;-0.000002641;0.000002160;0.268450853;0.508378839;0.277406114;-1;-1;-1;-1
22graph_5965_25_1000.dimacs;matching;dfs;5965000;256.579381600;5965;5965000;0.001000000;161055;11932;0;0;0.000000134;0.000003605;-0.000000568;0.000006784;0.262689681;0.019813163;0.009953669;-1;-1;-1;-1
22graph_5965_25_1000.dimacs;matching;fat;5965000;389.171992000;5965;7250081.097710583;0.000822749;161055;11932;0;0;0.000000203;0.000005468;-0.000000862;0.000006110;0.014674325;0.051447236;0.032605329;0.519243006;0.014674325;0;0
22graph_5965_25_1000.dimacs;matching;scaling;5965000;431.298608200;5965;7250081.097710583;0.000822749;161055;11932;0;0;0.000000224;0.000006060;-0.000000955;0.000004460;0.551337377;0.056656893;0.029910690;-1;-1;-1;-1
23graph_6130_25_1000.dimacs;matching;bfs;6130000;1239.815570800;6130;2.02948362e+09;0.000003020;165510;12262;0.056054015;0.000164538;0.000000611;0.000016494;-0.000005253;0.000002133;0.267612337;0.507680849;0.276523468;-1;-1;-1;-1
23graph_6130_25_1000.dimacs;matching;dfs;6130000;265.499651400;6130;6130000;0.001000000;165510;12262;0;0;0.000000131;0.000003532;-0.000001125;0.000006663;0.261985489;0.019771627;0.009931355;-1;-1;-1;-1
23graph_6130_25_1000.dimacs;matching;fat;6130000;408.393972600;6130;7463658.767025381;0.000821313;165510;12262;0;0;0.000000201;0.000005433;-0.000001730;0.000006000;0.015028512;0.051788541;0.032986032;0.521864602;0.015028512;0;0
23graph_6130_25_1000.dimacs;matching;scaling;6130000;454.933536600;6130;7463658.767025381;0.000821313;165510;12262;0;0;0.000000224;0.000006052;-0.000001928;0.000004442;0.551640514;0.056898541;0.030041767;-1;-1;-1;-1
24graph_6295_25_1000.dimacs;matching;bfs;6295000;1320.752570200;6295;2.14019928e+09;0.000002941;169965;12592;0.056043891;0.000160198;0.000000617;0.000016662;-0.000090657;0.000002171;0.265546805;0.507236491;0.274493115;-1;-1;-1;-1
24graph_6295_25_1000.dimacs;matching;dfs;6295000;291.440281200;6295;6295000;0.001000000;169965;12592;0;0;0.000000136;0.000003677;-0.000020005;0.000006936;0.262032906;0.019766689;0.009928855;-1;-1;-1;-1
24graph_6295_25_1000.dimacs;matching;fat;6295000;455.295163200;6295;7677582.477824970;0.000819920;169965;12592;0;0;0.000000213;0.000005744;-0.000031252;0.000006197;0.015830657;0.052549336;0.033745556;0.527198605;0.015830657;0;0
24graph_6295_25_1000.dimacs;matching;scaling;6295000;503.509254000;6295;7677582.477824970;0.000819920;169965;12592;0;0;0.000000235;0.000006352;-0.000034561;0.000004675;0.551027280;0.056677275;0.029922089;-1;-1;-1;-1
25graph_6460_25_1000.dimacs;matching;bfs;6460000;1408.191993800;6460;2.25385524e+09;0.000002866;174420;12922;0.056080151;0.000156207;0.000000625;0.000016869;0.000006619;0.000002175;0.268397609;0.508399865;0.277312296;-1;-1;-1;-1
25graph_6460_25_1000.dimacs;matching;dfs;6460000;295.384731200;6460;6460000;0.001000000;174420;12922;0;0;0.000000131;0.000003539;0.000001388;0.000006696;0.261564423;0.019687145;0.009885935;-1;-1;-1;-1
25graph_6460_25_1000.dimacs;matching;fat;6460000;466.650329200;6460;7891843.157813459;0.000818567;174420;12922;0;0;0.000000207;0.000005590;0.000002193;0.000005995;0.015943218;0.052660325;0.033950115;0.528592177;0.015943218;0;0
25graph_6460_25_1000.dimacs;matching;scaling;6460000;506.502393400;6460;7891843.157813459;0.000818567;174420;12922;0;0;0.000000225;0.000006068;0.000002381;0.000004492;0.549716757;0.056222532;0.029675936;-1;-1;-1;-1
26graph_6625_25_1000.dimacs;matching;bfs;6625000;1474.828010600;6625;2.3704515e+09;0.000002795;178875;13252;0.056081062;0.000152320;0.000000622;0.000016799;0.000003307;0.000002172;0.267591387;0.508267451;0.276537939;-1;-1;-1;-1
26graph_6625_25_1000.dimacs;matching;dfs;6625000;426.196942200;6625;6625000;0.001000000;178875;13252;0;0;0.000000180;0.000004854;0.000000956;0.000009197;0.261377585;0.019656829;0.009869671;-1;-1;-1;-1
26graph_6625_25_1000.dimacs;matching;fat;6625000;490.168518000;6625;8106432.198295709;0.000817252;178875;13252;0;0;0.000000207;0.000005583;0.000001099;0.000005896;0.016442693;0.053138314;0.034469615;0.532684576;0.016442693;0;0
26graph_6625_25_1000.dimacs;matching;scaling;6625000;569.042048200;6625;8106432.198295709;0.000817252;178875;13252;0;0;0.000000240;0.000006482;0.000001276;0.000004781;0.550717972;0.056476472;0.029813645;-1;-1;-1;-1
27graph_6790_25_1000.dimacs;matching;bfs;6790000;1571.469512400;6790;2.48998806e+09;0.000002727;183330;13582;0.056049201;0.000148536;0.000000631;0.000017040;0.000002294;0.000002213;0.266363510;0.507452403;0.275365936;-1;-1;-1;-1
27graph_6790_25_1000.dimacs;matching;dfs;6790000;331.226708400;6790;6790000;0.001000000;183330;13582;0;0;0.000000133;0.000003592;0.000000484;0.000006809;0.261102121;0.019651007;0.009866668;-1;-1;-1;-1
27graph_6790_25_1000.dimacs;matching;fat;6790000;547.574822800;6790;8321341.419523576;0.000815974;183330;13582;0;0;0.000000220;0.000005938;0.000000799;0.000006282;0.016490530;0.053169230;0.034402271;0.533116667;0.016490530;0;0
27graph_6790_25_1000.dimacs;matching;scaling;6790000;567.023035400;6790;8321341.419523576;0.000815974;183330;13582;0;0;0.000000228;0.000006148;0.000000828;0.000004569;0.547501751;0.056014789;0.029563716;-1;-1;-1;-1
28graph_6955_25_1000.dimacs;matching;bfs;6955000;1723.715135000;6955;2.61246492e+09;0.000002662;187785;13912;0.056088079;0.000145112;0.000000660;0.000017815;0.000001854;0.000002297;0.268412149;0.508613204;0.277305968;-1;-1;-1;-1
28graph_6955_25_1000.dimacs;matching;dfs;6955000;364.859525200;6955;6955000;0.001000000;187785;13912;0;0;0.000000140;0.000003771;0.000000392;0.000007161;0.260862569;0.019608818;0.009843958;-1;-1;-1;-1
28graph_6955_25_1000.dimacs;matching;fat;6955000;555.777904000;6955;8536563.039412318;0.000814731;187785;13912;0;0;0.000000213;0.000005744;0.000000598;0.000006102;0.016325747;0.053008252;0.034266300;0.532373088;0.016325747;0;0
28graph_6955_25_1000.dimacs;matching;scaling;6955000;603.587318400;6955;8536563.039412318;0.000814731;187785;13912;0;0;0.000000231;0.000006238;0.000000649;0.000004624;0.548878046;0.056161497;0.029643326;-1;-1;-1;-1
29graph_7120_25_1000.dimacs;matching;bfs;7120000;1785.834453800;7120;2.73788208e+09;0.000002601;192240;14242;0.056130358;0.000141855;0.000000652;0.000017611;0.000001512;0.000002248;0.271311195;0.509802801;0.280173764;-1;-1;-1;-1
29graph_7120_25_1000.dimacs;matching;dfs;7120000;380.538410200;7120;7120000;0.001000000;192240;14242;0;0;0.000000139;0.000003753;0.000000322;0.000007119;0.260812496;0.019648757;0.009865728;-1;-1;-1;-1
29graph_7120_25_1000.dimacs;matching;fat;7120000;592.300464200;7120;8752089.645227132;0.000813520;192240;14242;0;0;0.000000216;0.000005841;0.000000502;0.000006185;0.016538400;0.053212595;0.034368592;0.534276290;0.016538400;0;0
29graph_7120_25_1000.dimacs;matching;scaling;7120000;615.305405400;7120;8752089.645227132;0.000813520;192240;14242;0;0;0.000000225;0.000006068;0.000000521;0.000004520;0.546858191;0.055847711;0.029473495;-1;-1;-1;-1
30graph_7285_25_1000.dimacs;matching;bfs;7285000;1831.092279600;7285;2.86623954e+09;0.000002542;196695;14572;0.056056331;0.000138463;0.000000639;0.000017249;0.000001274;0.000002240;0.266331374;0.507677101;0.275377087;-1;-1;-1;-1
30graph_7285_25_1000.dimacs;matching;dfs;7285000;382.862918200;7285;7285000;0.001000000;196695;14572;0;0;0.000000134;0.000003607;0.000000266;0.000006862;0.260510327;0.019560862;0.009818248;-1;-1;-1;-1
30graph_7285_25_1000.dimacs;matching;fat;7285000;608.282891000;7285;8967914.167895516;0.000812341;196695;14572;0;0;0.000000212;0.000005730;0.000000423;0.000006134;0.016026354;0.052711885;0.034006599;0.531252921;0.016026354;0;0
30graph_7285_25_1000.dimacs;matching;scaling;7285000;684.772108800;7285;8967914.167895516;0.000812341;196695;14572;0;0;0.000000239;0.000006451;0.000000476;0.000004813;0.547323663;0.055649950;0.029366504;-1;-1;-1;-1
